1759881600000000,121332.96000000,121614.66000000,121332.96000000,121587.83000000,60.66662000,1759881899999999,7369426.43570750,11616,34.08652000,4140630.90093940,0
1759881900000000,121587.83000000,121588.84000000,121446.24000000,121487.60000000,28.98872000,1759882199999999,3522665.99283650,12208,11.25324000,1367519.31169660,0
1759882200000000,121487.61000000,121565.69000000,121461.70000000,121551.37000000,39.68807000,1759882499999999,4822673.15626740,10701,25.33994000,3079066.27273160,0
1759882500000000,121551.38000000,121789.37000000,121551.38000000,121785.31000000,64.93562000,1759882799999999,7901545.91628240,14876,48.94815000,5955393.54695300,0
1759882800000000,121785.32000000,121802.38000000,121700.23000000,121740.29000000,32.32284000,1759883099999999,3935017.60878210,13423,17.04846000,2075421.40636740,0
1759883100000000,121740.30000000,121750.01000000,121587.80000000,121587.80000000,35.14819000,1759883399999999,4276651.71210090,12216,12.47930000,1518745.52993850,0
1759883400000000,121587.80000000,121608.18000000,121289.77000000,121340.22000000,81.19727000,1759883699999999,9858652.99188030,25045,20.06825000,2436721.90605760,0
1759883700000000,121340.23000000,121663.41000000,121276.00000000,121663.40000000,59.39666000,1759883999999999,7214930.32609440,21297,41.06717000,4988685.81356230,0
1759884000000000,121663.40000000,121952.71000000,121663.40000000,121889.93000000,67.68269000,1759884299999999,8248136.81622000,20418,51.82958000,6315902.96890180,0
1759884300000000,121889.92000000,121989.39000000,121799.99000000,121977.81000000,58.97847000,1759884599999999,7189518.52119980,31933,36.93668000,4502706.28112520,0
1759884600000000,121977.81000000,122089.68000000,121977.80000000,121990.24000000,78.92053000,1759884899999999,9630988.66495450,23431,39.11087000,4772700.50600290,0
1759884900000000,121990.23000000,121992.89000000,121895.28000000,121914.09000000,43.81323000,1759885199999999,5342262.72995990,13606,19.66168000,2397300.70258460,0
1759885200000000,121914.09000000,121992.54000000,121799.74000000,121938.76000000,54.20169000,1759885499999999,6607241.30379600,23860,23.41747000,2854352.83239570,0
1759885500000000,121938.76000000,122030.50000000,121849.81000000,121979.17000000,72.21080000,1759885799999999,8806825.13242110,27023,33.66510000,4105615.69444340,0
1759885800000000,121979.17000000,121979.18000000,121676.56000000,121706.19000000,44.94072000,1759886099999999,5473377.40354770,19072,19.67537000,2396087.07842870,0
1759886100000000,121706.19000000,122038.53000000,121605.75000000,122035.99000000,80.66589000,1759886399999999,9825408.53475920,30721,48.96271000,5965455.86862390,0
1759886400000000,122036.00000000,122056.00000000,121926.53000000,121978.84000000,53.50366000,1759886699999999,6528175.61810900,14899,27.76470000,3387446.21780890,0
1759886700000000,121978.84000000,122004.37000000,121806.69000000,121833.45000000,26.67551000,1759886999999999,3252264.10870790,10528,10.17203000,1240121.50467570,0
1759887000000000,121833.45000000,121959.74000000,121785.82000000,121926.54000000,67.96379000,1759887299999999,8279684.09089570,15812,54.09685000,6589947.33475440,0
1759887300000000,121926.54000000,121938.96000000,121786.00000000,121828.56000000,20.91494000,1759887599999999,2548627.97519340,11688,8.50019000,1035747.12597590,0
1759887600000000,121828.56000000,121837.62000000,121750.00000000,121793.64000000,28.06309000,1759887899999999,3417745.96034650,11173,11.71213000,1426278.60946950,0
1759887900000000,121793.63000000,121923.63000000,121775.28000000,121903.78000000,33.61733000,1759888199999999,4096381.20346980,15747,22.84057000,2783346.81574640,0
1759888200000000,121903.79000000,121952.03000000,121896.17000000,121936.99000000,25.21937000,1759888499999999,3074967.00733030,6408,11.09787000,1353028.58824840,0
1759888500000000,121937.00000000,121955.50000000,121936.99000000,121950.01000000,11.58699000,1759888799999999,1413024.91325070,3358,7.60063000,926892.08759250,0
1759888800000000,121950.00000000,121950.61000000,121825.74000000,121933.97000000,40.41923000,1759889099999999,4926748.65385570,11536,22.74872000,2772468.14143070,0
1759889100000000,121933.96000000,121950.00000000,121825.75000000,121882.55000000,33.59994000,1759889399999999,4095254.91594440,16311,16.25697000,1981398.30421630,0
1759889400000000,121882.56000000,121983.13000000,121856.69000000,121938.97000000,20.05962000,1759889699999999,2445515.60248200,9860,13.59568000,1657410.18909820,0
1759889700000000,121938.97000000,122156.00000000,121938.97000000,122020.24000000,50.63525000,1759889999999999,6181359.52856090,12892,36.32800000,4434738.31131350,0
1759890000000000,122020.25000000,122217.89000000,122020.24000000,122201.73000000,38.98015000,1759890299999999,4762367.31771830,9015,20.91977000,2555595.31875860,0
1759890300000000,122201.72000000,122229.66000000,122186.01000000,122186.01000000,75.25125000,1759890599999999,9196109.26792660,4591,43.65102000,5334389.86787120,0
1759890600000000,122186.02000000,122186.02000000,122096.02000000,122096.02000000,33.56067000,1759890899999999,4099363.60830260,8833,16.82530000,2055117.56496700,0
1759890900000000,122096.02000000,122096.03000000,121888.00000000,121888.00000000,42.16820000,1759891199999999,5145177.93471680,13686,13.12479000,1601448.89592850,0
1759891200000000,121888.00000000,121967.99000000,121870.28000000,121910.78000000,38.41150000,1759891499999999,4682700.59874380,7349,24.07369000,2934882.54855500,0
1759891500000000,121910.79000000,122000.00000000,121860.14000000,121971.76000000,94.77748000,1759891799999999,11555111.66568760,12440,51.38668000,6265164.22247890,0
1759891800000000,121971.76000000,122073.34000000,121971.75000000,122072.98000000,28.49028000,1759892099999999,3476841.56069250,8098,20.37509000,2486406.16133010,0
1759892100000000,122072.98000000,122090.56000000,122030.49000000,122048.28000000,37.75909000,1759892399999999,4609029.45092600,6317,18.27825000,2231068.60945730,0
1759892400000000,122048.28000000,122048.28000000,121839.88000000,121839.90000000,100.39858000,1759892699999999,12242332.29662900,16940,14.19969000,1731090.91508620,0
1759892700000000,121839.90000000,121841.75000000,121760.00000000,121788.22000000,51.67504000,1759892999999999,6294169.52564990,11289,32.50474000,3958967.56364170,0
1759893000000000,121788.23000000,121801.57000000,121723.53000000,121723.53000000,41.63464000,1759893299999999,5070060.44676060,10051,23.35424000,2843924.62292780,0
1759893300000000,121723.54000000,121821.07000000,121718.61000000,121781.87000000,28.06241000,1759893599999999,3416775.26920130,9022,15.15290000,1844812.51714000,0
1759893600000000,121781.87000000,121796.17000000,121511.65000000,121558.25000000,99.08374000,1759893899999999,12051786.30801550,21333,24.07336000,2927637.92893470,0
1759893900000000,121558.24000000,121598.00000000,121395.37000000,121453.24000000,63.91098000,1759894199999999,7763972.94384450,20123,20.33146000,2469873.60212450,0
1759894200000000,121452.76000000,121509.48000000,121317.97000000,121391.75000000,82.83474000,1759894499999999,10058769.77975350,18733,19.27843000,2340701.09242090,0
1759894500000000,121391.75000000,121455.83000000,121340.57000000,121357.01000000,39.33083000,1759894799999999,4774633.40207230,16315,18.38345000,2231546.79140860,0
1759894800000000,121357.00000000,121432.55000000,121310.00000000,121310.01000000,44.32124000,1759895099999999,5379023.58412740,12239,10.53153000,1278057.41860110,0
1759895100000000,121310.00000000,121389.30000000,121200.00000000,121371.58000000,79.32094000,1759895399999999,9620403.37244990,11883,25.86793000,3138817.31144070,0
1759895400000000,121371.58000000,121436.82000000,121237.98000000,121300.54000000,44.90598000,1759895699999999,5448936.71535440,13620,16.98451000,2061331.88093580,0
1759895700000000,121300.53000000,121392.01000000,121300.53000000,121374.75000000,25.87379000,1759895999999999,3139969.23835000,7904,8.84800000,1073697.38189000,0
1759896000000000,121374.76000000,121456.81000000,121319.33000000,121456.81000000,69.31210000,1759896299999999,8414102.81942670,13535,41.72124000,5064741.39255750,0
1759896300000000,121456.81000000,121484.37000000,121242.03000000,121250.51000000,44.19210000,1759896599999999,5362754.99956460,14397,11.34325000,1377097.94448650,0
1759896600000000,121250.51000000,121391.30000000,121066.14000000,121384.41000000,93.29757000,1759896899999999,11309660.57127270,22358,37.89042000,4593542.82354800,0
1759896900000000,121384.41000000,121578.00000000,121366.51000000,121573.50000000,60.26519000,1759897199999999,7320753.34361780,11501,34.89679000,4239608.04370190,0
1759897200000000,121573.50000000,121597.87000000,121444.57000000,121456.46000000,31.81577000,1759897499999999,3866150.28908210,7923,13.53523000,1644650.08999540,0
1759897500000000,121456.46000000,121471.38000000,121340.00000000,121471.37000000,60.60743000,1759897799999999,7357659.01873760,9499,22.41712000,2721782.64886980,0
1759897800000000,121471.37000000,121692.48000000,121471.37000000,121690.58000000,81.50342000,1759898099999999,9910906.65185520,11512,36.50920000,4439593.44492120,0
1759898100000000,121690.59000000,121786.57000000,121645.60000000,121649.76000000,98.66827000,1759898399999999,12012569.67758020,13064,46.44684000,5654470.95561030,0
1759898400000000,121649.76000000,121675.14000000,121558.00000000,121600.91000000,27.70882000,1759898699999999,3370105.34690390,9522,11.09203000,1349082.91950350,0
1759898700000000,121600.92000000,121761.41000000,121600.92000000,121761.40000000,55.91190000,1759898999999999,6805164.56096860,9646,25.11896000,3056951.41617640,0
1759899000000000,121761.41000000,121780.65000000,121710.13000000,121777.77000000,16.94847000,1759899299999999,2063318.21629310,6452,9.95370000,1211723.98491930,0
1759899300000000,121777.76000000,121910.24000000,121774.48000000,121900.00000000,72.23076000,1759899599999999,8799533.72294590,7163,48.40775000,5897627.71534120,0
1759899600000000,121900.01000000,121900.01000000,121694.09000000,121711.36000000,37.83831000,1759899899999999,4609066.05709930,14872,10.41180000,1268177.21400750,0
1759899900000000,121711.35000000,121782.02000000,121650.00000000,121782.01000000,82.96682000,1759900199999999,10095718.89178380,11222,16.42817000,1999680.49835650,0
1759900200000000,121782.01000000,121792.00000000,121704.02000000,121759.31000000,44.10226000,1759900499999999,5370242.13737600,7997,35.13426000,4278261.89408250,0
1759900500000000,121759.30000000,121776.95000000,121533.00000000,121555.11000000,91.81714000,1759900799999999,11169606.95042670,11064,36.99897000,4501370.56411360,0
1759900800000000,121555.10000000,121559.82000000,121360.51000000,121415.63000000,88.88061000,1759901099999999,10796655.52807590,17216,20.63547000,2505584.90995130,0
1759901100000000,121415.63000000,121415.63000000,121272.48000000,121390.20000000,44.11267000,1759901399999999,5351939.81033220,12017,12.89797000,1564790.42482170,0
1759901400000000,121390.20000000,121524.09000000,121390.20000000,121419.02000000,69.09623000,1759901699999999,8392951.05193550,18097,29.58636000,3593188.53009440,0
1759901700000000,121419.02000000,121443.34000000,121356.00000000,121442.15000000,30.35491000,1759901999999999,3685178.34521800,10857,17.96263000,2180747.10262490,0
1759902000000000,121442.16000000,121498.85000000,121292.76000000,121292.76000000,87.75889000,1759902299999999,10653518.54134010,19739,55.83194000,6777270.44151680,0
1759902300000000,121292.75000000,121304.31000000,121209.67000000,121228.07000000,34.77856000,1759902599999999,4216945.94098500,17565,19.40505000,2352899.49333360,0
1759902600000000,121228.07000000,121281.74000000,121173.86000000,121198.81000000,39.27206000,1759902899999999,4760614.70004580,11672,14.33379000,1737707.73752970,0
1759902900000000,121198.82000000,121374.02000000,121198.81000000,121374.01000000,57.87425000,1759903199999999,7019435.47698290,8484,49.77751000,6037358.38077760,0
1759903200000000,121374.02000000,121425.69000000,121254.70000000,121262.70000000,31.09619000,1759903499999999,3773387.60854960,14785,16.28053000,1975864.49245760,0
1759903500000000,121262.70000000,121262.70000000,121068.96000000,121176.85000000,78.30168000,1759903799999999,9484261.14035940,18893,17.99763000,2180182.51585030,0
1759903800000000,121176.84000000,121385.72000000,121176.84000000,121306.12000000,27.53690000,1759904099999999,3340347.69283900,7765,13.16745000,1597142.30813550,0
1759904100000000,121306.12000000,121362.26000000,121162.25000000,121362.26000000,35.73169000,1759904399999999,4332336.79719450,13480,22.53717000,2732675.92361320,0
1759904400000000,121362.26000000,121459.76000000,121350.95000000,121411.77000000,52.81261000,1759904699999999,6412306.41325640,14961,38.12770000,4629089.32135140,0
1759904700000000,121411.76000000,121500.00000000,121387.14000000,121411.42000000,26.61299000,1759904999999999,3231748.44880570,8148,17.46273000,2120587.87581190,0
1759905000000000,121411.43000000,121494.00000000,121391.57000000,121409.28000000,30.83557000,1759905299999999,3744942.25096690,10980,13.02375000,1581657.41700540,0
1759905300000000,121409.28000000,121543.55000000,121397.78000000,121543.55000000,39.47308000,1759905599999999,4796564.46155110,6349,19.20289000,2333184.74977110,0
1759905600000000,121543.55000000,121575.85000000,121500.00000000,121575.81000000,57.09004000,1759905899999999,6938130.05961330,7346,22.51167000,2735852.32901640,0
1759905900000000,121575.80000000,121684.19000000,121575.80000000,121648.86000000,50.21423000,1759906199999999,6109003.04085550,8598,37.79760000,4598692.49463050,0
1759906200000000,121648.86000000,121689.54000000,121600.01000000,121689.53000000,51.13294000,1759906499999999,6220229.94583150,8973,21.64208000,2632787.25861840,0
1759906500000000,121689.54000000,121841.54000000,121689.53000000,121784.29000000,71.35926000,1759906799999999,8690502.26431110,9768,40.98493000,4990921.98309870,0
1759906800000000,121784.30000000,121841.49000000,121667.75000000,121841.49000000,54.90151000,1759907099999999,6683648.11593790,12669,24.65542000,3001839.34762700,0
1759907100000000,121841.48000000,121872.37000000,121624.80000000,121650.18000000,118.47850000,1759907399999999,14425766.13959540,20388,75.43238000,9182005.23353640,0
1759907400000000,121650.19000000,121724.29000000,121624.80000000,121666.22000000,32.87135000,1759907699999999,3999564.43038210,13856,16.17896000,1968431.78517250,0
1759907700000000,121666.22000000,121672.98000000,121595.75000000,121635.94000000,27.81682000,1759907999999999,3383424.38505180,13254,15.01249000,1825863.83266690,0
1759908000000000,121635.94000000,121698.23000000,121562.47000000,121608.09000000,71.70956000,1759908299999999,8722368.81020100,11801,12.00650000,1460288.32739410,0
1759908300000000,121608.10000000,121608.10000000,121493.58000000,121553.73000000,82.61560000,1759908599999999,10042294.53734720,14092,30.80250000,3744123.44368010,0
1759908600000000,121553.74000000,121571.39000000,121444.17000000,121509.32000000,62.55154000,1759908899999999,7601451.64434740,12805,21.07372000,2560766.66420800,0
1759908900000000,121509.32000000,121537.99000000,121407.85000000,121407.86000000,32.20251000,1759909199999999,3911152.00290990,10615,17.33835000,2105828.80556990,0
1759909200000000,121407.86000000,121506.24000000,121311.91000000,121481.31000000,71.41918000,1759909499999999,8666943.73649180,10537,53.71120000,6517733.14613690,0
1759909500000000,121481.30000000,121481.31000000,121331.62000000,121398.40000000,50.82473000,1759909799999999,6169924.24258590,12804,20.89971000,2536874.71273500,0
1759909800000000,121398.41000000,121550.00000000,121340.00000000,121509.94000000,46.22807000,1759910099999999,5613825.61264830,14146,30.90504000,3752696.99734870,0
1759910100000000,121509.94000000,121597.06000000,121428.10000000,121597.06000000,45.72838000,1759910399999999,5556085.44035510,11127,30.97122000,3763309.74778510,0
1759910400000000,121597.05000000,121812.78000000,121597.05000000,121802.71000000,56.41514000,1759910699999999,6866562.66715650,14749,30.20288000,3675715.83223750,0
1759910700000000,121802.71000000,121802.71000000,121597.23000000,121655.00000000,46.90681000,1759910999999999,5707133.75425430,17886,16.97155000,2064533.29648960,0
1759911000000000,121655.00000000,121665.43000000,121538.48000000,121563.03000000,140.83629000,1759911299999999,17121956.22975960,13485,109.51696000,13314177.80158620,0
1759911300000000,121563.03000000,121800.00000000,121524.01000000,121800.00000000,149.15025000,1759911599999999,18143510.50733190,21421,123.71455000,15047862.78155090,0
1759911600000000,121800.00000000,121959.04000000,121800.00000000,121955.74000000,79.43902000,1759911899999999,9683233.09243490,17915,56.14462000,6843576.05334140,0
1759911900000000,121955.81000000,122000.00000000,121790.02000000,121916.41000000,108.72354000,1759912199999999,13250470.72308650,16440,64.90874000,7910128.87155810,0
1759912200000000,121916.42000000,122381.00000000,121916.42000000,122381.00000000,279.02566000,1759912499999999,34081199.81255450,31771,234.60712000,28653744.17444200,0
1759912500000000,122381.00000000,122514.00000000,122347.20000000,122505.99000000,179.45356000,1759912799999999,21972905.26244920,33093,106.71592000,13066142.11255990,0
1759912800000000,122505.99000000,122821.25000000,122505.99000000,122821.24000000,214.76516000,1759913099999999,26350694.34194790,33670,157.95357000,19381502.13824410,0
1759913100000000,122821.24000000,122850.00000000,122584.21000000,122596.72000000,77.19698000,1759913399999999,9472306.82546460,22021,41.49430000,5091637.86375270,0
1759913400000000,122596.73000000,122702.16000000,122413.75000000,122454.19000000,88.82977000,1759913699999999,10884797.52490250,22003,41.95105000,5140264.42215230,0
1759913700000000,122454.18000000,122483.85000000,122342.37000000,122381.85000000,41.61086000,1759913999999999,5093480.00798940,16379,16.63518000,2036149.45853220,0
1759914000000000,122381.84000000,122644.00000000,122381.84000000,122475.46000000,71.32954000,1759914299999999,8740394.62748110,18992,43.55190000,5336300.43597410,0
1759914300000000,122475.46000000,122639.96000000,122475.45000000,122560.75000000,62.04914000,1759914599999999,7605142.02055340,16967,36.78604000,4508291.32182440,0
1759914600000000,122560.75000000,122575.28000000,122495.59000000,122561.77000000,26.33742000,1759914899999999,3227273.12787940,8935,15.65288000,1917968.28179570,0
1759914900000000,122561.78000000,122561.78000000,122451.01000000,122496.08000000,33.63297000,1759915199999999,4119709.96387330,12132,18.04763000,2210487.22856280,0
1759915200000000,122496.08000000,122616.52000000,122496.08000000,122585.27000000,26.93546000,1759915499999999,3300980.28319170,10659,17.58467000,2154996.13314260,0
1759915500000000,122585.26000000,122620.55000000,122501.23000000,122531.86000000,41.85467000,1759915799999999,5128643.39169270,7462,28.57891000,3501730.69837540,0
1759915800000000,122531.86000000,122584.00000000,122390.00000000,122446.36000000,70.30330000,1759916099999999,8611984.94117960,16267,32.61949000,3995828.37920790,0
1759916100000000,122446.35000000,122560.00000000,122403.77000000,122555.01000000,45.81987000,1759916399999999,5612058.22596390,10165,35.44145000,4340861.22257050,0
1759916400000000,122555.00000000,122560.00000000,122405.11000000,122463.72000000,38.40305000,1759916699999999,4703901.45980620,9396,8.96897000,1098661.32612420,0
1759916700000000,122463.71000000,122475.55000000,122402.47000000,122419.12000000,19.04654000,1759916999999999,2331930.12474020,9830,8.88065000,1087240.91912380,0
1759917000000000,122419.13000000,122475.56000000,122381.99000000,122465.72000000,19.53931000,1759917299999999,2391917.38107280,4810,12.42273000,1520769.91235740,0
1759917300000000,122465.73000000,122516.99000000,122448.62000000,122516.98000000,18.90555000,1759917599999999,2315395.23723240,8115,10.76836000,1318821.61705140,0
1759917600000000,122516.99000000,122727.99000000,122498.05000000,122727.99000000,36.47546000,1759917899999999,4471664.27929750,10076,30.21476000,3704442.52157030,0
1759917900000000,122727.99000000,122808.24000000,122634.20000000,122735.01000000,37.51957000,1759918199999999,4605374.32754130,13371,23.88600000,2932136.70899150,0
1759918200000000,122735.01000000,122739.00000000,122520.70000000,122560.51000000,29.13064000,1759918499999999,3571813.06009660,16636,10.03230000,1229809.80377490,0
1759918500000000,122560.50000000,122649.98000000,122517.50000000,122649.98000000,12.82296000,1759918799999999,1571621.35948210,12395,7.60630000,932265.81326200,0
1759918800000000,122649.98000000,122705.18000000,122600.36000000,122628.38000000,57.19557000,1759919099999999,7014658.85429660,14877,19.42630000,2382520.24415580,0
1759919100000000,122628.38000000,122705.42000000,122608.00000000,122608.00000000,31.76121000,1759919399999999,3895865.79295770,8730,11.09290000,1360636.14877210,0
1759919400000000,122608.00000000,122758.21000000,122577.90000000,122740.74000000,47.26138000,1759919699999999,5799283.70517040,13454,37.56084000,4609364.11543210,0
1759919700000000,122740.74000000,123000.00000000,122722.78000000,122900.51000000,132.56582000,1759919999999999,16293175.77492400,25125,92.11831000,11320762.83092850,0
1759920000000000,122900.51000000,123100.00000000,122900.50000000,122974.02000000,120.36773000,1759920299999999,14805868.40974920,17401,54.75258000,6734960.50678870,0
1759920300000000,122974.02000000,123012.33000000,122919.99000000,122944.71000000,102.87641000,1759920599999999,12649707.57532290,11526,21.44825000,2637496.82953650,0
1759920600000000,122944.71000000,122946.37000000,122881.24000000,122901.64000000,23.36289000,1759920899999999,2871549.47238890,10015,9.42202000,1158044.97827110,0
1759920900000000,122901.65000000,122959.99000000,122901.64000000,122934.60000000,22.95884000,1759921199999999,2822435.08919850,6322,16.88557000,2075830.60718690,0
1759921200000000,122934.61000000,123009.51000000,122906.30000000,122906.30000000,77.04853000,1759921499999999,9474431.35231990,10447,52.83004000,6496680.51096540,0
1759921500000000,122906.31000000,123047.09000000,122820.46000000,123046.65000000,26.30094000,1759921799999999,3233696.07295380,15354,17.51870000,2154118.97037940,0
1759921800000000,123046.66000000,123200.00000000,123046.65000000,123123.30000000,54.61993000,1759922099999999,6726120.68368210,13341,35.51431000,4373435.12202410,0
1759922100000000,123123.31000000,123123.31000000,122963.10000000,122967.56000000,51.93594000,1759922399999999,6388729.58436320,9097,12.15746000,1495715.73881700,0
1759922400000000,122967.56000000,123049.00000000,122836.76000000,122871.92000000,67.89996000,1759922699999999,8347948.63198340,10350,21.00101000,2582153.57021750,0
1759922700000000,122871.92000000,123150.01000000,122871.92000000,123020.69000000,236.13532000,1759922999999999,29056434.77737500,12760,166.99044000,20545657.79756730,0
1759923000000000,123020.69000000,123100.01000000,122953.24000000,122964.14000000,160.29679000,1759923299999999,19721851.33882480,16174,77.64716000,9551823.60681990,0
1759923300000000,122964.13000000,123001.16000000,122902.83000000,122936.90000000,46.41407000,1759923599999999,5707380.49842970,10192,19.18582000,2358946.95809120,0
1759923600000000,122936.90000000,122936.90000000,122809.42000000,122811.21000000,23.11443000,1759923899999999,2840301.04033880,5654,6.70230000,823689.87812010,0
1759923900000000,122811.21000000,122849.52000000,122743.36000000,122842.22000000,30.35668000,1759924199999999,3727753.17701250,10543,19.44203000,2387394.02866720,0
1759924200000000,122842.22000000,122896.00000000,122842.22000000,122886.01000000,17.30914000,1759924499999999,2126971.16247450,5308,9.07797000,1115478.45772780,0
1759924500000000,122886.00000000,122915.07000000,122835.01000000,122884.14000000,26.50037000,1759924799999999,3256346.53235720,7712,16.95279000,2083107.05186280,0
1759924800000000,122884.14000000,122976.85000000,122778.85000000,122806.60000000,47.26073000,1759925099999999,5808546.17711750,13537,22.24628000,2734189.89811240,0
1759925100000000,122806.60000000,122841.10000000,122720.00000000,122751.68000000,42.24781000,1759925399999999,5187038.72019380,9889,12.40822000,1523228.88175350,0
1759925400000000,122751.68000000,123090.75000000,122751.67000000,122990.92000000,91.67175000,1759925699999999,11276116.80048630,14658,75.76240000,9319203.18904410,0
1759925700000000,122990.91000000,123033.07000000,122913.13000000,122915.19000000,27.40009000,1759925999999999,3368665.95355980,14419,16.90217000,2077951.52535130,0
1759926000000000,122915.18000000,122915.19000000,122700.00000000,122700.01000000,45.05286000,1759926299999999,5532382.44878260,12500,16.97152000,2083831.47702370,0
1759926300000000,122700.00000000,122793.03000000,122650.00000000,122756.76000000,44.78088000,1759926599999999,5495725.00069390,12271,27.42812000,3366107.29209030,0
1759926600000000,122756.76000000,122756.77000000,122608.75000000,122684.77000000,30.31698000,1759926899999999,3718338.18537430,10522,8.90613000,1092298.07741500,0
1759926900000000,122684.77000000,122715.33000000,122610.00000000,122633.00000000,34.84117000,1759927199999999,4273713.53699770,8306,18.38905000,2255701.83433980,0
1759927200000000,122632.99000000,122723.99000000,122610.00000000,122670.21000000,25.40854000,1759927499999999,3116595.66719800,8806,12.52080000,1535583.87528010,0
1759927500000000,122670.22000000,122730.36000000,122618.89000000,122683.94000000,29.19781000,1759927799999999,3581892.85562340,13387,12.99446000,1594108.73271580,0
1759927800000000,122683.95000000,122700.00000000,122569.34000000,122569.35000000,19.98657000,1759928099999999,2450968.97167260,6662,9.90019000,1214039.34479440,0
1759928100000000,122569.34000000,122631.52000000,122542.27000000,122631.52000000,26.09571000,1759928399999999,3198883.31521510,8757,10.26180000,1257952.80622730,0
1759928400000000,122631.52000000,122774.96000000,122588.73000000,122665.85000000,30.45477000,1759928699999999,3736491.78531390,15596,20.90224000,2564489.86893760,0
1759928700000000,122665.85000000,122719.85000000,122396.80000000,122515.36000000,62.72134000,1759928999999999,7684129.07098230,16304,16.61992000,2035772.27483310,0
1759929000000000,122515.36000000,122688.04000000,122478.93000000,122648.50000000,34.98986000,1759929299999999,4289333.98903280,11800,21.53747000,2640054.36911410,0
1759929300000000,122648.49000000,122702.75000000,122636.40000000,122673.00000000,25.52883000,1759929599999999,3131704.85901180,7868,9.88366000,1212414.67569540,0
1759929600000000,122673.01000000,122718.70000000,122538.49000000,122568.05000000,29.67124000,1759929899999999,3638448.18755270,9094,16.64732000,2041238.79952180,0
1759929900000000,122568.04000000,122596.01000000,122497.16000000,122497.16000000,13.91334000,1759930199999999,1704964.52838030,5120,5.86897000,719259.48484440,0
1759930200000000,122497.17000000,122694.80000000,122401.01000000,122544.11000000,101.38464000,1759930499999999,12424237.38228850,34467,62.81860000,7699161.92517490,0
1759930500000000,122544.10000000,122604.66000000,122280.16000000,122391.74000000,73.03093000,1759930799999999,8942869.41882150,32785,33.06428000,4048925.26274850,0
1759930800000000,122391.75000000,122391.75000000,121700.00000000,121898.24000000,253.96486000,1759931099999999,30990543.53847500,51939,78.70622000,9599387.42486860,0
1759931100000000,121898.25000000,122222.00000000,121649.68000000,122168.66000000,130.03140000,1759931399999999,15862183.44231930,46223,74.97364000,9149155.91099370,0
1759931400000000,122168.65000000,122291.82000000,122052.62000000,122249.51000000,57.28137000,1759931699999999,6999021.29554680,32873,29.41671000,3593852.96786080,0
1759931700000000,122249.52000000,122660.22000000,122195.14000000,122599.04000000,73.92595000,1759931999999999,9052383.31115110,32355,52.86930000,6474319.48660080,0
1759932000000000,122599.04000000,123350.00000000,122599.04000000,123081.52000000,305.07877000,1759932299999999,37551204.29385610,67733,177.27836000,21813207.48525620,0
1759932300000000,123081.51000000,123170.25000000,122873.01000000,122886.22000000,321.72325000,1759932599999999,39562227.00761140,42682,229.14054000,28175403.31009710,0
1759932600000000,122886.21000000,122978.35000000,122675.52000000,122825.01000000,93.05084000,1759932899999999,11429122.31966820,34850,48.46900000,5952655.08401130,0
1759932900000000,122825.00000000,123074.00000000,122700.44000000,123070.08000000,72.25034000,1759933199999999,8882824.17161500,37709,40.98841000,5038959.83500950,0
1759933200000000,123070.09000000,123092.12000000,122659.30000000,122662.80000000,79.87307000,1759933499999999,9811651.45311570,28107,33.44677000,4109185.56945100,0
1759933500000000,122662.81000000,122679.24000000,122419.53000000,122590.73000000,66.50764000,1759933799999999,8151105.44695690,25413,31.59543000,3872163.82472120,0
1759933800000000,122590.72000000,122856.03000000,122388.47000000,122388.47000000,127.94162000,1759934099999999,15695243.04502850,34791,77.90629000,9559599.48385780,0
1759934100000000,122388.47000000,122557.22000000,122260.00000000,122524.39000000,99.84958000,1759934399999999,12221534.92362660,30141,58.74301000,7190393.63847340,0
1759934400000000,122524.09000000,122568.87000000,122328.15000000,122484.63000000,47.56484000,1759934699999999,5823908.27807400,24898,20.83653000,2551071.30199280,0
1759934700000000,122484.63000000,122624.67000000,122331.39000000,122590.06000000,126.76046000,1759934999999999,15532327.21920830,24020,39.96302000,4895365.45657470,0
1759935000000000,122590.07000000,122602.00000000,122321.44000000,122360.18000000,52.81118000,1759935299999999,6465858.88164910,19976,31.00527000,3796007.26522220,0
1759935300000000,122360.17000000,122360.17000000,122112.16000000,122320.00000000,69.33300000,1759935599999999,8474432.53962060,25118,35.24050000,4307674.75544270,0
1759935600000000,122319.99000000,122390.07000000,122226.19000000,122318.09000000,43.37302000,1759935899999999,5305292.06241670,21425,17.03943000,2084094.90655110,0
1759935900000000,122318.08000000,122404.91000000,122292.92000000,122342.37000000,41.21087000,1759936199999999,5042546.04837900,17307,13.47131000,1648168.49530110,0
1759936200000000,122342.38000000,122622.55000000,122342.38000000,122489.21000000,56.04971000,1759936499999999,6864226.10708180,21006,36.82443000,4509799.69749440,0
1759936500000000,122489.21000000,122517.92000000,122368.21000000,122368.22000000,22.11261000,1759936799999999,2707523.32210100,16843,11.84130000,1449879.33555420,0
1759936800000000,122368.22000000,122483.88000000,122203.12000000,122467.96000000,48.39847000,1759937099999999,5918906.49994960,21516,25.32056000,3096867.70588360,0
1759937100000000,122467.97000000,122550.29000000,122357.00000000,122448.01000000,57.47885000,1759937399999999,7038916.13546290,18911,32.64228000,3997441.24476080,0
1759937400000000,122448.01000000,122450.01000000,122240.02000000,122289.21000000,43.48056000,1759937699999999,5317547.29283580,18283,20.97567000,2565034.62228970,0
1759937700000000,122289.21000000,122406.00000000,122289.21000000,122357.33000000,31.10568000,1759937999999999,3805920.19447910,13742,14.65691000,1793205.08163750,0
1759938000000000,122357.34000000,122426.37000000,122328.21000000,122355.54000000,19.67217000,1759938299999999,2407456.90592030,8446,8.81207000,1078480.14296750,0
1759938300000000,122355.54000000,122355.55000000,121954.34000000,122071.61000000,135.40125000,1759938599999999,16526823.73873300,23053,54.67222000,6672258.23551680,0
1759938600000000,122071.62000000,122152.00000000,121975.21000000,122120.54000000,30.60897000,1759938899999999,3736433.85309200,19903,16.92748000,2066400.71700240,0
1759938900000000,122120.54000000,122224.85000000,122048.41000000,122189.72000000,30.57212000,1759939199999999,3734723.66476410,13211,15.56755000,1901535.52956680,0
1759939200000000,122189.72000000,122330.66000000,122110.08000000,122245.31000000,29.76917000,1759939499999999,3638307.86609070,20017,20.60804000,2518695.35094220,0
1759939500000000,122245.32000000,122476.81000000,122177.13000000,122437.27000000,60.02603000,1759939799999999,7343554.47520390,19478,33.36301000,4081962.19923140,0
1759939800000000,122437.28000000,122726.51000000,122411.52000000,122726.51000000,63.27343000,1759940099999999,7756582.54497870,18465,44.64509000,5472615.59025670,0
1759940100000000,122726.52000000,122926.48000000,122664.33000000,122664.33000000,109.33425000,1759940399999999,13426350.81391430,25300,71.40354000,8768101.92512910,0
1759940400000000,122664.34000000,122771.46000000,122612.00000000,122688.34000000,29.69866000,1759940699999999,3643531.54064280,20914,15.31672000,1879172.86669830,0
1759940700000000,122688.35000000,122758.21000000,122635.58000000,122672.51000000,24.87707000,1759940999999999,3052043.73319190,13790,13.55177000,1662470.86911110,0
1759941000000000,122672.51000000,122740.00000000,122562.18000000,122656.00000000,28.47865000,1759941299999999,3492452.96528860,13943,14.21781000,1743875.86671720,0
1759941300000000,122656.00000000,122711.76000000,122601.44000000,122675.78000000,51.31503000,1759941599999999,6294420.43170730,12359,17.08979000,2096245.31705040,0
1759941600000000,122675.79000000,122729.82000000,122566.62000000,122711.97000000,30.35564000,1759941899999999,3723387.95888240,13511,16.15373000,1981527.92234830,0
1759941900000000,122711.98000000,122891.06000000,122701.47000000,122864.90000000,79.48109000,1759942199999999,9761054.64894970,11556,55.11622000,6769864.29060250,0
1759942200000000,122864.91000000,123031.87000000,122864.90000000,122987.04000000,84.61702000,1759942499999999,10406211.01987420,17296,45.24509000,5563807.25763370,0
1759942500000000,122987.05000000,123129.23000000,122987.04000000,123051.03000000,50.72164000,1759942799999999,6241448.22004190,13466,26.58889000,3271890.55396000,0
1759942800000000,123051.02000000,123088.54000000,122958.05000000,123073.80000000,45.29990000,1759943099999999,5573469.26224740,21101,21.85037000,2688228.18465570,0
1759943100000000,123073.28000000,123322.00000000,122991.35000000,123321.99000000,114.64764000,1759943399999999,14123928.66601540,16064,92.47515000,11392617.81710380,0
1759943400000000,123322.00000000,123669.93000000,123321.99000000,123669.93000000,299.55088000,1759943699999999,36994299.73909180,53586,158.62911000,19588875.19795560,0
1759943700000000,123669.93000000,123856.87000000,123494.79000000,123766.53000000,147.02252000,1759943999999999,18190414.92126370,34889,77.60814000,9603708.49024750,0
1759944000000000,123766.54000000,123940.00000000,123601.52000000,123877.33000000,166.41924000,1759944299999999,20608149.90311300,31716,125.12836000,15496861.76727290,0
1759944300000000,123877.33000000,123982.37000000,123739.38000000,123792.35000000,121.97174000,1759944599999999,15111192.64576360,20907,47.02936000,5826102.09816790,0
1759944600000000,123792.36000000,124032.08000000,123792.36000000,123864.92000000,108.66441000,1759944899999999,13468523.72667200,29803,61.82851000,7663591.30711760,0
1759944900000000,123864.92000000,123914.37000000,123650.00000000,123738.84000000,92.35366000,1759945199999999,11432564.92848320,18452,43.21725000,5350873.28713290,0
1759945200000000,123738.84000000,123808.89000000,123685.55000000,123774.81000000,48.11981000,1759945499999999,5955126.04674520,14416,32.56879000,4030632.50415490,0
1759945500000000,123774.81000000,123950.01000000,123690.23000000,123880.24000000,67.60314000,1759945799999999,8372817.54783410,16746,42.42913000,5255582.88829320,0
1759945800000000,123880.25000000,124021.25000000,123878.39000000,124001.51000000,49.28386000,1759946099999999,6110010.41549970,14464,28.50312000,3533674.75019600,0
1759946100000000,124001.51000000,124164.36000000,124001.50000000,124033.19000000,75.52747000,1759946399999999,9372598.90254140,16616,43.59610000,5409675.62057400,0
1759946400000000,124033.19000000,124197.25000000,123824.88000000,123880.85000000,130.06622000,1759946699999999,16122114.10699160,35001,64.58219000,8004762.95744540,0
1759946700000000,123880.86000000,123953.99000000,123813.58000000,123920.33000000,34.73660000,1759946999999999,4303489.06954790,20123,18.92515000,2344677.20004090,0
1759947000000000,123920.33000000,124107.63000000,123870.76000000,123870.77000000,96.31760000,1759947299999999,11945101.48942960,21697,43.58315000,5404598.52434750,0
1759947300000000,123870.77000000,123880.86000000,123702.84000000,123774.27000000,94.04927000,1759947599999999,11639457.94146130,23678,30.77105000,3807922.97740300,0
1759947600000000,123774.28000000,123800.86000000,123565.38000000,123694.47000000,102.36148000,1759947899999999,12658547.84589200,20768,48.06405000,5943439.77519230,0
1759947900000000,123694.47000000,123711.09000000,123610.00000000,123615.28000000,40.04248000,1759948199999999,4951965.39704960,11377,20.96915000,2593091.50917970,0
1759948200000000,123615.27000000,123663.09000000,123510.69000000,123520.31000000,151.90921000,1759948499999999,18771068.57625930,15441,116.35914000,14377787.53617080,0
1759948500000000,123520.31000000,123794.60000000,123415.58000000,123743.27000000,180.26198000,1759948799999999,22267107.58466050,24681,131.50461000,16244238.24415590,0
1759948800000000,123743.27000000,123743.28000000,123500.00000000,123564.95000000,47.38027000,1759949099999999,5858105.58968200,16045,19.71067000,2437221.63309750,0
1759949100000000,123564.95000000,123667.40000000,123516.23000000,123662.81000000,40.73638000,1759949399999999,5035136.60578780,15640,26.96378000,3332894.03441190,0
1759949400000000,123662.82000000,123826.34000000,123628.07000000,123789.68000000,137.97225000,1759949699999999,17068313.27573900,18084,114.83522000,14205709.31836720,0
1759949700000000,123789.68000000,123808.65000000,123460.21000000,123460.22000000,96.52464000,1759949999999999,11930822.37984150,18703,28.22019000,3489192.86402200,0
1759950000000000,123460.21000000,123524.48000000,123366.00000000,123503.85000000,49.34294000,1759950299999999,6090460.58269370,16100,22.06291000,2723483.66576250,0
1759950300000000,123503.86000000,123515.68000000,123220.96000000,123346.81000000,73.16479000,1759950599999999,9024174.68153110,16630,21.10383000,2602534.04545200,0
1759950600000000,123346.81000000,123402.78000000,123260.00000000,123260.00000000,31.80296000,1759950899999999,3922070.17952770,12298,8.95225000,1104112.83855530,0
1759950900000000,123260.01000000,123293.98000000,123160.82000000,123275.49000000,44.48040000,1759951199999999,5481302.14245750,11076,18.96178000,2336808.44493320,0
1759951200000000,123275.50000000,123540.00000000,123243.82000000,123540.00000000,57.92792000,1759951499999999,7150034.28528550,19046,32.27910000,3984616.72584990,0
1759951500000000,123539.99000000,123657.48000000,123539.99000000,123638.22000000,61.47013000,1759951799999999,7597319.74153520,11668,21.05469000,2602246.09068800,0
1759951800000000,123638.23000000,123741.07000000,123597.55000000,123625.13000000,51.38010000,1759952099999999,6355755.43881610,11321,32.55762000,4027517.38807940,0
1759952100000000,123625.12000000,123759.94000000,123617.56000000,123620.01000000,36.87860000,1759952399999999,4562040.31082880,11018,21.12567000,2613461.72316740,0
1759952400000000,123620.01000000,123620.01000000,123400.00000000,123432.01000000,79.78989000,1759952699999999,9853827.85974890,13338,38.52779000,4756856.34578940,0
1759952700000000,123432.01000000,123540.85000000,123414.00000000,123522.90000000,48.89709000,1759952999999999,6038232.10751510,13003,29.71667000,3669604.57087580,0
1759953000000000,123522.90000000,123586.01000000,123460.21000000,123506.74000000,41.15204000,1759953299999999,5083059.04441190,12217,14.26314000,1761745.62885540,0
1759953300000000,123506.75000000,123527.69000000,123409.51000000,123450.00000000,88.47302000,1759953599999999,10923411.90235940,19022,36.85849000,4551000.94611160,0
1759953600000000,123450.01000000,123508.00000000,123313.82000000,123315.01000000,44.07914000,1759953899999999,5439178.17501130,13335,13.22248000,1632039.33539370,0
1759953900000000,123315.01000000,123438.31000000,123315.01000000,123401.27000000,29.23966000,1759954199999999,3607378.19349330,10216,11.06586000,1365108.48321040,0
1759954200000000,123401.26000000,123517.25000000,123401.26000000,123495.97000000,27.53895000,1759954499999999,3400247.38038150,11770,18.40958000,2272895.15529350,0
1759954500000000,123495.97000000,123648.00000000,123484.61000000,123593.44000000,29.63452000,1759954799999999,3661865.94895620,9934,26.08041000,3222737.46602030,0
1759954800000000,123593.43000000,123737.00000000,123550.00000000,123666.30000000,53.73332000,1759955099999999,6642786.03152710,7559,44.15834000,5459050.08924180,0
1759955100000000,123666.30000000,123666.31000000,123550.00000000,123563.37000000,24.21244000,1759955399999999,2992457.85828620,6637,10.15703000,1255284.57497540,0
1759955400000000,123563.38000000,123565.38000000,123413.38000000,123413.39000000,27.36876000,1759955699999999,3379654.00747680,6519,9.16569000,1131857.61632020,0
1759955700000000,123413.38000000,123513.34000000,123400.00000000,123460.87000000,16.86647000,1759955999999999,2082254.80444770,5677,7.26655000,897078.49819960,0
1759956000000000,123460.87000000,123475.62000000,123341.00000000,123361.82000000,29.93692000,1759956299999999,3694026.00797850,5415,8.08228000,997227.30118350,0
1759956300000000,123361.83000000,123385.45000000,123240.00000000,123263.20000000,141.43954000,1759956599999999,17445175.86192790,8639,110.69438000,13654252.77279910,0
1759956600000000,123263.20000000,123263.21000000,123212.00000000,123226.30000000,17.77597000,1759956899999999,2190614.92515680,5214,9.10739000,1122313.38560640,0
1759956900000000,123226.29000000,123226.30000000,122814.00000000,122856.69000000,231.77984000,1759957199999999,28495413.43233180,20045,54.48286000,6699750.93177110,0
1759957200000000,122856.70000000,123105.50000000,122794.40000000,123100.84000000,47.42286000,1759957499999999,5832183.53687520,14659,17.57530000,2161846.26712600,0
1759957500000000,123100.84000000,123162.85000000,123070.00000000,123071.38000000,32.19934000,1759957799999999,3964102.44380140,11078,16.78688000,2066533.81855400,0
1759957800000000,123071.37000000,123093.21000000,122998.54000000,123093.21000000,37.69405000,1759958099999999,4638135.69197380,7507,25.78186000,3172419.02492180,0
1759958100000000,123093.21000000,123204.24000000,123093.20000000,123140.62000000,24.22703000,1759958399999999,2984064.20504980,8814,10.67031000,1314201.36234820,0
1759958400000000,123140.62000000,123252.82000000,123137.32000000,123245.99000000,16.30070000,1759958699999999,2008304.01548490,5445,13.04374000,1607018.28829700,0
1759958700000000,123245.98000000,123317.62000000,123221.40000000,123279.46000000,20.61808000,1759958999999999,2541973.06259210,7252,14.24330000,1756086.62287310,0
1759959000000000,123279.46000000,123311.96000000,123270.98000000,123279.45000000,17.32744000,1759959299999999,2136349.71151510,3165,6.55326000,807948.25887130,0
1759959300000000,123282.27000000,123307.37000000,123265.28000000,123282.72000000,9.75369000,1759959599999999,1202442.28358280,2383,5.85278000,721532.49935690,0
1759959600000000,123282.72000000,123332.01000000,123266.42000000,123332.01000000,13.72085000,1759959899999999,1691797.73241400,3039,10.63061000,1310750.94426180,0
1759959900000000,123332.00000000,123332.01000000,123181.75000000,123181.76000000,19.84480000,1759960199999999,2445499.79711370,7439,3.77786000,465519.15304830,0
1759960200000000,123181.75000000,123221.12000000,123181.75000000,123200.25000000,5.43995000,1759960499999999,670209.78021730,2779,2.80807000,345941.49902820,0
1759960500000000,123200.26000000,123277.34000000,123200.25000000,123277.33000000,17.38850000,1759960799999999,2142410.49234800,2373,13.07759000,1611287.97059060,0
1759960800000000,123277.34000000,123372.51000000,123277.34000000,123305.17000000,26.67736000,1759961099999999,3289815.43005160,9524,11.43608000,1410272.78971830,0
1759961100000000,123305.17000000,123416.73000000,123294.73000000,123416.45000000,8.39470000,1759961399999999,1035533.64745410,5251,5.38558000,664402.58287040,0
1759961400000000,123416.44000000,123416.44000000,123304.88000000,123354.71000000,12.25662000,1759961699999999,1511856.43373410,4204,3.26201000,402291.46671350,0
1759961700000000,123354.70000000,123400.68000000,123279.64000000,123344.75000000,15.79061000,1759961999999999,1947549.70691050,6106,5.59342000,689758.81281720,0
1759962000000000,123344.75000000,123380.94000000,123335.39000000,123335.39000000,10.55088000,1759962299999999,1301509.39891960,3158,5.48942000,677147.65169590,0
1759962300000000,123335.39000000,123335.40000000,123279.64000000,123290.96000000,8.23737000,1759962599999999,1015624.33841140,2796,3.66068000,451321.09652940,0
1759962600000000,123290.97000000,123340.79000000,123290.96000000,123334.54000000,9.80612000,1759962899999999,1209311.22842650,3165,5.46819000,674317.69225450,0
1759962900000000,123334.54000000,123355.06000000,123334.54000000,123355.06000000,4.68747000,1759963199999999,578148.93526390,1470,1.99935000,246600.66672230,0
1759963200000000,123355.06000000,123355.06000000,123314.43000000,123314.44000000,10.87360000,1759963499999999,1341121.46589280,1840,4.12732000,509019.31987720,0
1759963500000000,123314.44000000,123330.03000000,123261.85000000,123279.63000000,6.53850000,1759963799999999,806181.67943000,5263,2.62484000,323621.44604020,0
1759963800000000,123279.64000000,123279.65000000,123267.31000000,123275.35000000,6.44585000,1759964099999999,794603.15961210,1535,3.84139000,473541.07823990,0
1759964100000000,123275.35000000,123275.36000000,123200.81000000,123200.82000000,11.99411000,1759964399999999,1478155.48689510,2251,3.15141000,388334.92318890,0
1759964400000000,123200.82000000,123200.82000000,123173.85000000,123173.89000000,18.30302000,1759964699999999,2254614.55439410,2858,9.44129000,1162986.19084920,0
1759964700000000,123173.88000000,123200.03000000,123056.31000000,123082.14000000,36.11838000,1759964999999999,4446532.11385740,4460,9.85595000,1213230.95969770,0
1759965000000000,123082.13000000,123149.99000000,123082.13000000,123140.00000000,9.87376000,1759965299999999,1215716.54633740,3679,6.15374000,757661.23771130,0
1759965300000000,123140.00000000,123304.24000000,123139.99000000,123297.17000000,26.68948000,1759965599999999,3289490.91856320,8603,16.24463000,2001975.12803660,0
1759965600000000,123297.17000000,123431.45000000,123229.96000000,123431.45000000,23.58296000,1759965899999999,2908981.15718200,7647,20.04942000,2473288.44086750,0
1759965900000000,123431.44000000,123478.25000000,123416.01000000,123478.25000000,22.99134000,1759966199999999,2838208.56532520,6249,14.73882000,1819414.97486140,0
1759966200000000,123478.26000000,123537.11000000,123426.94000000,123525.93000000,37.36329000,1759966499999999,4613424.37114850,6619,18.02730000,2225972.82746530,0
1759966500000000,123525.93000000,123530.74000000,123400.00000000,123415.79000000,27.84890000,1759966799999999,3438209.05944340,5129,9.83241000,1214160.27582350,0
1759966800000000,123415.79000000,123430.87000000,123350.00000000,123350.00000000,23.74213000,1759967099999999,2929719.42227190,3550,5.18351000,639728.89617300,0
1759967100000000,123350.01000000,123352.81000000,123326.96000000,123352.81000000,15.36130000,1759967399999999,1894757.95360880,2122,4.96568000,612486.00879570,0
1759967400000000,123352.80000000,123352.81000000,123304.47000000,123327.33000000,17.10803000,1759967699999999,2109954.53151410,3851,7.36944000,908823.97687980,0
1759967700000000,123327.33000000,123369.72000000,123306.00000000,123306.00000000,30.57275000,1759967999999999,3771068.97664440,2346,14.53073000,1792125.47772370,0
